"total_export_gh","precio_productor_usd_gh","precio_internacional_real_gh","smuggling_incentive"
270873.99,609.3,1458.95164781,0.859379407616361
247909.54,575,1317.74355247,0.760984647961885
284116.77,397.7,1293.89623771,0.563075180518193
255962.95,322.3,1667.22572847,0.568029608741629
256993.2,583.8,1558.33814693,0.910622367805334
484186.18,580.9,1614.27183612,0.928697042366107
300516.39,585.9,1883.95389692,0.795303379937559
341103.55,778.7,2040.11727229,1.00972510373444
325681.69,843.8,1408.73199327,1.48425681618294
415054.8478,412.9,1138.50134071,0.93926296633303
367859.56,485.1,1395.57760947,0.751743375174338
369494.2,782.4,2349.17855884,0.823752368919773
420305,1014,2199.04190739,0.856563608717689
716502,1000.6,1822.70800281,2.5538540071465
601697.26,993.1,1753.84217854,1.59227192560526
672274,998.4,1770.15705263,1.5219512195122
582479.46,978.4,2045.76040583,1.23395131794678
496468.07,1134.4,2506.19111498,1.08773612043341
424589.62,1158.4,2994.76501106,0.882254379284082
326074.34,1677.1,3133.00385383,0.845014359852874
753085.82,1813,2683.78666532,1.06534257844635
609168.23,1797.39159025317,2169.88937043,1.26575126770775
553229.22,1711.96406490524,2222.18375588,1.12738454360699
976937.9384,1171.03820891915,2828.8591224,0.680245528491635
769645.8662,1486.01143672449,3203.27475222,0.878547344727465
791213.03,1739.21198351159,3074.29721011,0.936969806558057
840554.3903,1746.91225596862,2085.93980197,1.44908056052276
1145799.6134,1657.46157578798,2251.88330388,1.2275082162701
965911.2915,1456.67354540285,2353.05756601,1.03452251255761
843237.3213,1472.55709360596,2420.69884235955,0.847583253922906
859422.904,1818.90211344024,2218.03625838208,0.885541437896904
781811.6082,1276.53401673033,2037.44501206471,0.99410794854788
703543.5442,1161.48146355739,2875.2556237248,0.867618931468876
528027.2319,2335.4,6368.06762235447,0.91771455517133
